{
    "Number of cities: 10":"Time 1.51e-02 | Distance: 7503.1",
    "Number of cities: 11":"Time 1.38e-02 | Distance: 8431.6",
    "Number of cities: 12":"Time 1.45e-02 | Distance: 8803.7",
    "Number of cities: 13":"Time 1.30e-02 | Distance: 8925.1",
    "Number of cities: 14":"Time 1.34e-02 | Distance: 9007.4",
    "Number of cities: 15":"Time 1.40e-02 | Distance: 10584.0",
    "Number of cities: 16":"Time 1.46e-02 | Distance: 12025.6",
    "Number of cities: 17":"Time 1.68e-02 | Distance: 12221.3",
    "Number of cities: 18":"Time 1.78e-02 | Distance: 11465.2",
    "Number of cities: 19":"Time 1.79e-02 | Distance: 13995.2",
    "Number of cities: 20":"Time 1.87e-02 | Distance: 14494.0",
    "Number of cities: 21":"Time 1.91e-02 | Distance: 15354.0",
    "Number of cities: 22":"Time 2.27e-02 | Distance: 14216.5",
    "Number of cities: 23":"Time 2.01e-02 | Distance: 15031.5",
    "Number of cities: 24":"Time 1.98e-02 | Distance: 15401.8",
    "Number of cities: 6":"Time 9.55e-03 | Distance: 5018.8",
    "Number of cities: 7":"Time 1.26e-02 | Distance: 5487.9",
    "Number of cities: 8":"Time 1.30e-02 | Distance: 6667.5",
    "Number of cities: 9":"Time 1.44e-02 | Distance: 6678.6"
}